<?xml version="1.0" encoding="utf-8"?>
<IncrementalBankBuild Version="6" Flags="601859981">
	<Platform GUID="{C6AE6568-92AB-4B65-BFFC-3E72DB339455}">
		<Banks>
			<Language ID="393239870">
				<File Name="Init" Hash="403170349" Timestamp="1607548942"/>
				<File Name="SoundbankStarter" Hash="2844351601" Timestamp="1607548941"/>
			</Language>
		</Banks>
		<XMLInfo>
			<Language ID="-1">
				<File Name="" Hash="1524976382" Timestamp="1607548942"/>
			</Language>
		</XMLInfo>
	</Platform>
	<Platform GUID="{844C39B7-00BA-4D7A-8875-51AA18582DC8}">
		<Banks>
			<Language ID="393239870">
				<File Name="Init" Hash="2806741908" Timestamp="1607548940"/>
				<File Name="SoundbankStarter" Hash="2844351601" Timestamp="1607548940"/>
			</Language>
		</Banks>
		<XMLInfo>
			<Language ID="-1">
				<File Name="" Hash="2088820505" Timestamp="1607548940"/>
			</Language>
		</XMLInfo>
	</Platform>
</IncrementalBankBuild>
