<?xml version="1.0" encoding="utf-8"?>
<SoundBanksInfo Platform="Windows" BasePlatform="Windows" SchemaVersion="11" SoundbankVersion="128">
	<RootPaths>
		<ProjectRoot>G:\projects\vector\SoundbankStarter\</ProjectRoot>
		<SourceFilesRoot>G:\projects\vector\SoundbankStarter\.cache\Windows\</SourceFilesRoot>
		<SoundBanksRoot>G:\projects\vector\SoundbankStarter\GeneratedSoundBanks\Windows\</SoundBanksRoot>
		<ExternalSourcesInputFile></ExternalSourcesInputFile>
		<ExternalSourcesOutputRoot>G:\projects\vector\SoundbankStarter\GeneratedSoundBanks\Windows</ExternalSourcesOutputRoot>
	</RootPaths>
	<DialogueEvents/>
	<StreamedFiles>
		<File Id="822718018" Language="SFX">
			<ShortName>gabock.wav</ShortName>
			<Path>SFX\gabock_B0918523.wem</Path>
		</File>
	</StreamedFiles>
	<MediaFilesNotInAnyBank/>
	<SoundBanks>
		<SoundBank Id="1355168291" Language="SFX">
			<ObjectPath>Init</ObjectPath>
			<ShortName>Init</ShortName>
			<Path>Init.bnk</Path>
		</SoundBank>
		<SoundBank Id="1497754073" Language="SFX">
			<ObjectPath>\SoundBanks\Default Work Unit\SoundbankStarter</ObjectPath>
			<ShortName>SoundbankStarter</ShortName>
			<Path>SoundbankStarter.bnk</Path>
			<IncludedEvents>
				<Event Id="2894319965" Name="Play_BaBoop" ObjectPath="\Events\Default Work Unit\Play_BaBoop"/>
			</IncludedEvents>
			<ReferencedStreamedFiles>
				<File Id="822718018"/>
			</ReferencedStreamedFiles>
		</SoundBank>
	</SoundBanks>
</SoundBanksInfo>
